<?xml version="1.0" encoding="UTF-8" standalone="yes"?>
<addon id="plugin.video.tv.sector"
       name="TV Sector"
       version="0.0.2.5"
       provider-name="rwxr_xr_x">
  <requires>
    <import addon="xbmc.python" version="1.0"/>
    <import addon="script.module.beautifulsoup" version="3.0.8"/>
  </requires>
  <extension point="xbmc.python.pluginsource"
            library="default.py">
  <provides>video</provides>
  </extension>
  <extension point="xbmc.addon.metadata">
    <summary></summary>
    <description></description>
    <platform>all</platform>
  </extension>
</addon>

